account_id,date,service_name,region,cost_amount,currency
131471595343,2025-09-10,Tax,NoRegion,0.0,USD
131471595343,2025-09-12,AWS CloudShell,eu-north-1,7.37e-08,USD
131471595343,2025-09-12,AWS Data Transfer,eu-north-1,-7.36e-08,USD
131471595343,2025-10-01,Tax,NoRegion,0.0,USD
131471595343,2025-10-20,AWS CloudFormation,eu-north-1,0.0,USD
131471595343,2025-10-20,AWS Data Transfer,eu-north-1,-7.00076e-05,USD
131471595343,2025-10-20,AWS Data Transfer,us-east-1,-1.24e-08,USD
131471595343,2025-10-20,AWS Glue,eu-north-1,0.0,USD
131471595343,2025-10-20,AWS Key Management Service,eu-north-1,0.0,USD
131471595343,2025-10-20,AWS Secrets Manager,eu-north-1,0.0,USD
131471595343,2025-10-20,AWS Service Catalog,eu-north-1,0.0,USD
131471595343,2025-10-20,EC2 - Other,eu-north-1,6.99829e-05,USD
131471595343,2025-10-20,Amazon Elastic Compute Cloud - Compute,eu-north-1,-0.0,USD
131471595343,2025-10-20,Amazon Elastic Container Service,eu-north-1,0.0,USD
131471595343,2025-10-20,Amazon Elastic Load Balancing,eu-north-1,2.54e-08,USD
131471595343,2025-10-20,Amazon Location Service,eu-north-1,0.0,USD
131471595343,2025-10-20,Amazon Simple Notification Service,eu-north-1,0.0,USD
131471595343,2025-10-20,Amazon Simple Queue Service,eu-north-1,0.0,USD
131471595343,2025-10-20,Amazon Simple Storage Service,eu-north-1,-0.0,USD
131471595343,2025-10-20,Amazon Simple Storage Service,global,0.0,USD
131471595343,2025-10-20,Amazon Simple Storage Service,us-east-1,1.22e-08,USD
131471595343,2025-10-20,Amazon Virtual Private Cloud,eu-north-1,0.0,USD
131471595343,2025-10-20,AmazonCloudWatch,eu-north-1,0.0,USD
131471595343,2025-10-21,AWS CloudFormation,eu-north-1,0.0,USD
131471595343,2025-10-21,AWS Data Transfer,eu-north-1,-0.0005102328,USD
131471595343,2025-10-21,AWS Key Management Service,eu-central-1,0.0,USD
131471595343,2025-10-21,AWS Key Management Service,eu-north-1,0.0,USD
131471595343,2025-10-21,Amazon CloudFront,eu-west-1,0.0,USD
131471595343,2025-10-21,Amazon CloudFront,me-south-1,-2e-10,USD
131471595343,2025-10-21,EC2 - Other,eu-north-1,0.0005101559,USD
131471595343,2025-10-21,Amazon Elastic Compute Cloud - Compute,eu-north-1,0.0,USD
131471595343,2025-10-21,Amazon Elastic Container Service,eu-north-1,0.0,USD
131471595343,2025-10-21,Amazon Elastic Load Balancing,eu-north-1,7.5e-08,USD
131471595343,2025-10-21,Amazon Relational Database Service,eu-north-1,3e-10,USD
131471595343,2025-10-21,Amazon Simple Notification Service,eu-north-1,0.0,USD
131471595343,2025-10-21,Amazon Simple Storage Service,eu-north-1,-0.0,USD
131471595343,2025-10-21,Amazon Simple Storage Service,global,0.0,USD
131471595343,2025-10-21,Amazon Simple Storage Service,us-east-1,0.0,USD
131471595343,2025-10-21,Amazon Virtual Private Cloud,eu-north-1,-0.0,USD
131471595343,2025-10-21,AmazonCloudWatch,eu-north-1,0.0,USD
131471595343,2025-10-22,AWS CloudFormation,eu-north-1,0.0,USD
131471595343,2025-10-22,AWS Data Transfer,eu-north-1,-7.72654e-05,USD
131471595343,2025-10-22,AWS Data Transfer,us-east-1,-1.24e-08,USD
131471595343,2025-10-22,AWS Glue,eu-north-1,0.0,USD
131471595343,2025-10-22,AWS Key Management Service,eu-north-1,0.0,USD
131471595343,2025-10-22,AWS Secrets Manager,eu-north-1,0.0,USD
131471595343,2025-10-22,Amazon CloudFront,eu-west-1,0.0,USD
131471595343,2025-10-22,Amazon CloudFront,me-south-1,3e-10,USD
131471595343,2025-10-22,Amazon CloudFront,us-east-1,0.0,USD
131471595343,2025-10-22,EC2 - Other,eu-north-1,7.70966e-05,USD
131471595343,2025-10-22,Amazon Elastic Compute Cloud - Compute,eu-north-1,0.0,USD
131471595343,2025-10-22,Amazon Elastic Container Service,eu-north-1,0.0,USD
131471595343,2025-10-22,Amazon Elastic Load Balancing,eu-north-1,1.645e-07,USD
131471595343,2025-10-22,Amazon Location Service,eu-north-1,0.0,USD
131471595343,2025-10-22,Amazon Relational Database Service,eu-north-1,0.0,USD
131471595343,2025-10-22,Amazon Simple Notification Service,eu-north-1,0.0,USD
131471595343,2025-10-22,Amazon Simple Storage Service,eu-north-1,0.0,USD
131471595343,2025-10-22,Amazon Simple Storage Service,global,0.0,USD
131471595343,2025-10-22,Amazon Simple Storage Service,us-east-1,1.22e-08,USD
131471595343,2025-10-22,Amazon Virtual Private Cloud,eu-north-1,-0.0,USD
131471595343,2025-10-22,AmazonCloudWatch,eu-north-1,0.0,USD
131471595343,2025-10-23,AWS Data Transfer,eu-north-1,-5.772e-07,USD
131471595343,2025-10-23,AWS Glue,eu-north-1,0.0,USD
131471595343,2025-10-23,AWS Key Management Service,eu-central-1,0.0,USD
131471595343,2025-10-23,AWS Key Management Service,eu-north-1,0.0,USD
131471595343,2025-10-23,Amazon CloudFront,me-south-1,-2e-10,USD
131471595343,2025-10-23,EC2 - Other,eu-north-1,-4.9e-09,USD
131471595343,2025-10-23,Amazon Elastic Compute Cloud - Compute,eu-north-1,0.0,USD
131471595343,2025-10-23,Amazon Elastic Load Balancing,eu-north-1,5.775e-07,USD
131471595343,2025-10-23,Amazon Relational Database Service,eu-north-1,4e-10,USD
131471595343,2025-10-23,Amazon Simple Queue Service,eu-north-1,0.0,USD
131471595343,2025-10-23,Amazon Simple Storage Service,eu-north-1,1e-10,USD
131471595343,2025-10-23,Amazon Simple Storage Service,global,0.0,USD
131471595343,2025-10-23,Amazon Virtual Private Cloud,eu-north-1,0.0,USD
131471595343,2025-10-23,AmazonCloudWatch,eu-north-1,0.0,USD
131471595343,2025-10-24,AWS Data Transfer,eu-north-1,-1.1986e-06,USD
131471595343,2025-10-24,AWS Key Management Service,eu-central-1,0.0,USD
131471595343,2025-10-24,AWS Key Management Service,eu-north-1,0.0,USD
131471595343,2025-10-24,Amazon CloudFront,eu-west-1,0.0,USD
131471595343,2025-10-24,Amazon CloudFront,me-south-1,0.0,USD
131471595343,2025-10-24,EC2 - Other,eu-north-1,-4.9e-09,USD
131471595343,2025-10-24,Amazon Elastic Compute Cloud - Compute,eu-north-1,0.0,USD
131471595343,2025-10-24,Amazon Elastic Load Balancing,eu-north-1,1.199e-06,USD
131471595343,2025-10-24,Amazon Relational Database Service,eu-north-1,0.0,USD
131471595343,2025-10-24,Amazon Simple Storage Service,eu-north-1,1e-10,USD
131471595343,2025-10-24,Amazon Simple Storage Service,global,0.0,USD
131471595343,2025-10-24,Amazon Virtual Private Cloud,eu-north-1,0.0,USD
131471595343,2025-10-24,AmazonCloudWatch,eu-north-1,0.0,USD
131471595343,2025-10-25,AWS Data Transfer,eu-north-1,-1.7194e-06,USD
131471595343,2025-10-25,Amazon CloudFront,me-south-1,-3e-10,USD
131471595343,2025-10-25,EC2 - Other,eu-north-1,-4.9e-09,USD
131471595343,2025-10-25,Amazon Elastic Compute Cloud - Compute,eu-north-1,0.0,USD
131471595343,2025-10-25,Amazon Elastic Load Balancing,eu-north-1,1.7213e-06,USD
131471595343,2025-10-25,Amazon Relational Database Service,eu-north-1,0.0,USD
131471595343,2025-10-25,Amazon Simple Storage Service,eu-north-1,1e-10,USD
131471595343,2025-10-25,Amazon Simple Storage Service,global,0.0,USD
131471595343,2025-10-25,Amazon Virtual Private Cloud,eu-north-1,0.0,USD
131471595343,2025-10-25,AmazonCloudWatch,eu-north-1,0.0,USD
131471595343,2025-10-26,AWS Data Transfer,eu-north-1,-1.564e-06,USD
131471595343,2025-10-26,AWS Data Transfer,us-east-1,-3.4e-09,USD
131471595343,2025-10-26,AWS Glue,eu-north-1,0.0,USD
131471595343,2025-10-26,AWS Key Management Service,eu-north-1,0.0,USD
131471595343,2025-10-26,AWS Secrets Manager,eu-north-1,0.0,USD
131471595343,2025-10-26,Amazon CloudFront,me-south-1,0.0,USD
131471595343,2025-10-26,Amazon CloudFront,us-east-1,0.0,USD
131471595343,2025-10-26,EC2 - Other,eu-north-1,-4.9e-09,USD
131471595343,2025-10-26,Amazon Elastic Compute Cloud - Compute,eu-north-1,0.0,USD
131471595343,2025-10-26,Amazon Elastic Load Balancing,eu-north-1,1.5654e-06,USD
131471595343,2025-10-26,Amazon Location Service,eu-north-1,0.0,USD
131471595343,2025-10-26,Amazon Relational Database Service,eu-north-1,0.0,USD
131471595343,2025-10-26,Amazon Simple Notification Service,eu-north-1,0.0,USD
131471595343,2025-10-26,Amazon Simple Storage Service,eu-north-1,1e-10,USD
131471595343,2025-10-26,Amazon Simple Storage Service,global,0.0,USD
131471595343,2025-10-26,Amazon Simple Storage Service,us-east-1,3.4e-09,USD
131471595343,2025-10-26,Amazon Virtual Private Cloud,eu-north-1,0.0,USD
131471595343,2025-10-26,AmazonCloudWatch,eu-north-1,0.0,USD
131471595343,2025-10-27,AWS Data Transfer,eu-north-1,-1.2204e-06,USD
131471595343,2025-10-27,AWS Data Transfer,us-east-1,-9e-09,USD
131471595343,2025-10-27,AWS Glue,eu-north-1,0.0,USD
131471595343,2025-10-27,Amazon CloudFront,me-south-1,0.0,USD
131471595343,2025-10-27,EC2 - Other,eu-north-1,-4.9e-09,USD
131471595343,2025-10-27,Amazon Elastic Compute Cloud - Compute,eu-north-1,0.0,USD
131471595343,2025-10-27,Amazon Elastic Load Balancing,eu-north-1,1.2205e-06,USD
131471595343,2025-10-27,Amazon Location Service,eu-north-1,0.0,USD
131471595343,2025-10-27,Amazon Relational Database Service,eu-north-1,-0.0,USD
131471595343,2025-10-27,Amazon Simple Storage Service,eu-north-1,1e-10,USD
131471595343,2025-10-27,Amazon Simple Storage Service,global,0.0,USD
131471595343,2025-10-27,Amazon Simple Storage Service,us-east-1,8.8e-09,USD
131471595343,2025-10-27,Amazon Virtual Private Cloud,eu-north-1,0.0,USD
131471595343,2025-10-27,AmazonCloudWatch,eu-north-1,0.0,USD
131471595343,2025-10-28,AWS Data Transfer,eu-north-1,-1.042e-07,USD
131471595343,2025-10-28,AWS Key Management Service,eu-central-1,0.0,USD
131471595343,2025-10-28,AWS Key Management Service,eu-north-1,0.0,USD
131471595343,2025-10-28,Amazon CloudFront,me-south-1,-3e-10,USD
131471595343,2025-10-28,EC2 - Other,eu-north-1,-4.9e-09,USD
131471595343,2025-10-28,Amazon Elastic Compute Cloud - Compute,eu-north-1,0.0,USD
131471595343,2025-10-28,Amazon Elastic Load Balancing,eu-north-1,1.045e-07,USD
131471595343,2025-10-28,Amazon Relational Database Service,eu-north-1,2e-10,USD
131471595343,2025-10-28,Amazon Simple Queue Service,eu-north-1,0.0,USD
131471595343,2025-10-28,Amazon Simple Storage Service,eu-north-1,1e-10,USD
131471595343,2025-10-28,Amazon Simple Storage Service,global,0.0,USD
131471595343,2025-10-28,Amazon Virtual Private Cloud,eu-north-1,0.0,USD
131471595343,2025-10-28,AmazonCloudWatch,eu-north-1,0.0,USD
131471595343,2025-10-29,AWS Data Transfer,eu-north-1,-1.658e-07,USD
131471595343,2025-10-29,AWS Key Management Service,eu-north-1,0.0,USD
131471595343,2025-10-29,EC2 - Other,eu-north-1,-4.9e-09,USD
131471595343,2025-10-29,Amazon Elastic Compute Cloud - Compute,eu-north-1,0.0,USD
131471595343,2025-10-29,Amazon Elastic Load Balancing,eu-north-1,1.663e-07,USD
131471595343,2025-10-29,Amazon Relational Database Service,eu-north-1,0.0,USD
131471595343,2025-10-29,Amazon Simple Storage Service,eu-north-1,1e-10,USD
131471595343,2025-10-29,Amazon Simple Storage Service,global,0.0,USD
131471595343,2025-10-29,Amazon Virtual Private Cloud,eu-north-1,0.0,USD
131471595343,2025-10-29,AmazonCloudWatch,eu-north-1,0.0,USD
131471595343,2025-10-30,AWS Data Transfer,eu-north-1,-1.588e-07,USD
131471595343,2025-10-30,Amazon CloudFront,me-south-1,0.0,USD
131471595343,2025-10-30,EC2 - Other,eu-north-1,-4.9e-09,USD
131471595343,2025-10-30,Amazon Elastic Compute Cloud - Compute,eu-north-1,0.0,USD
131471595343,2025-10-30,Amazon Elastic Load Balancing,eu-north-1,1.587e-07,USD
131471595343,2025-10-30,Amazon Relational Database Service,eu-north-1,0.0,USD
131471595343,2025-10-30,Amazon Simple Storage Service,eu-north-1,1e-10,USD
131471595343,2025-10-30,Amazon Simple Storage Service,global,0.0,USD
131471595343,2025-10-30,Amazon Virtual Private Cloud,eu-north-1,0.0,USD
131471595343,2025-10-30,AmazonCloudWatch,eu-north-1,0.0,USD
131471595343,2025-10-31,AWS Data Transfer,eu-north-1,-3.858e-07,USD
131471595343,2025-10-31,EC2 - Other,eu-north-1,-4.9e-09,USD
131471595343,2025-10-31,Amazon Elastic Compute Cloud - Compute,eu-north-1,0.0,USD
131471595343,2025-10-31,Amazon Elastic Load Balancing,eu-north-1,3.863e-07,USD
131471595343,2025-10-31,Amazon Relational Database Service,eu-north-1,0.0,USD
131471595343,2025-10-31,Amazon Simple Storage Service,eu-north-1,1e-10,USD
131471595343,2025-10-31,Amazon Simple Storage Service,global,0.0,USD
131471595343,2025-10-31,Amazon Virtual Private Cloud,eu-north-1,0.0,USD
131471595343,2025-10-31,AmazonCloudWatch,eu-north-1,0.0,USD
131471595343,2025-11-01,AWS Data Transfer,eu-north-1,-4.666e-07,USD
131471595343,2025-11-01,AWS Data Transfer,us-east-1,-9e-09,USD
131471595343,2025-11-01,AWS Secrets Manager,eu-north-1,0.0,USD
131471595343,2025-11-01,EC2 - Other,eu-north-1,2.5e-09,USD
131471595343,2025-11-01,Amazon Elastic Compute Cloud - Compute,eu-north-1,0.0,USD
131471595343,2025-11-01,Amazon Elastic Load Balancing,eu-north-1,4.672e-07,USD
131471595343,2025-11-01,Amazon Relational Database Service,eu-north-1,-1.44e-08,USD
131471595343,2025-11-01,Amazon Simple Storage Service,eu-north-1,-1e-10,USD
131471595343,2025-11-01,Amazon Simple Storage Service,global,0.0,USD
131471595343,2025-11-01,Amazon Simple Storage Service,us-east-1,9e-09,USD
131471595343,2025-11-01,Amazon Virtual Private Cloud,eu-north-1,0.0,USD
131471595343,2025-11-01,AmazonCloudWatch,eu-north-1,0.0,USD
131471595343,2025-11-01,Tax,NoRegion,0.0,USD
131471595343,2025-11-02,AWS Data Transfer,eu-north-1,-3.576e-07,USD
131471595343,2025-11-02,AWS Key Management Service,eu-north-1,0.0,USD
131471595343,2025-11-02,EC2 - Other,eu-north-1,2.5e-09,USD
131471595343,2025-11-02,Amazon Elastic Compute Cloud - Compute,eu-north-1,0.0,USD
131471595343,2025-11-02,Amazon Elastic Load Balancing,eu-north-1,3.576e-07,USD
131471595343,2025-11-02,Amazon Relational Database Service,eu-north-1,-1.44e-08,USD
131471595343,2025-11-02,Amazon Simple Storage Service,eu-north-1,-1e-10,USD
131471595343,2025-11-02,Amazon Simple Storage Service,global,0.0,USD
131471595343,2025-11-02,Amazon Virtual Private Cloud,eu-north-1,0.0,USD
131471595343,2025-11-02,AmazonCloudWatch,eu-north-1,0.0,USD
131471595343,2025-11-03,AWS Data Transfer,eu-north-1,-6.774e-07,USD
131471595343,2025-11-03,AWS Key Management Service,eu-north-1,0.0,USD
131471595343,2025-11-03,Amazon CloudFront,us-east-1,0.0,USD
131471595343,2025-11-03,EC2 - Other,eu-north-1,2.5e-09,USD
131471595343,2025-11-03,Amazon Elastic Compute Cloud - Compute,eu-north-1,0.0,USD
131471595343,2025-11-03,Amazon Elastic Load Balancing,eu-north-1,6.778e-07,USD
131471595343,2025-11-03,Amazon Location Service,eu-north-1,0.0,USD
131471595343,2025-11-03,Amazon Relational Database Service,eu-north-1,-1.44e-08,USD
131471595343,2025-11-03,Amazon Simple Storage Service,eu-north-1,-1e-10,USD
131471595343,2025-11-03,Amazon Simple Storage Service,global,0.0,USD
131471595343,2025-11-03,Amazon Virtual Private Cloud,eu-north-1,0.0,USD
131471595343,2025-11-03,AmazonCloudWatch,eu-north-1,0.0,USD
131471595343,2025-11-04,AWS Data Transfer,eu-north-1,-1.236e-07,USD
131471595343,2025-11-04,AWS Key Management Service,eu-north-1,0.0,USD
131471595343,2025-11-04,EC2 - Other,eu-north-1,2.5e-09,USD
131471595343,2025-11-04,Amazon Elastic Compute Cloud - Compute,eu-north-1,0.0,USD
131471595343,2025-11-04,Amazon Elastic Load Balancing,eu-north-1,1.239e-07,USD
131471595343,2025-11-04,Amazon Relational Database Service,eu-north-1,-1.44e-08,USD
131471595343,2025-11-04,Amazon Simple Storage Service,eu-north-1,-1e-10,USD
131471595343,2025-11-04,Amazon Simple Storage Service,global,0.0,USD
131471595343,2025-11-04,Amazon Virtual Private Cloud,eu-north-1,0.0,USD
131471595343,2025-11-04,AmazonCloudWatch,eu-north-1,0.0,USD
131471595343,2025-11-05,AWS Data Transfer,eu-north-1,-1.708e-07,USD
131471595343,2025-11-05,EC2 - Other,eu-north-1,2.5e-09,USD
131471595343,2025-11-05,Amazon Elastic Compute Cloud - Compute,eu-north-1,0.0,USD
131471595343,2025-11-05,Amazon Elastic Load Balancing,eu-north-1,1.707e-07,USD
131471595343,2025-11-05,Amazon Relational Database Service,eu-north-1,-1.44e-08,USD
131471595343,2025-11-05,Amazon Simple Storage Service,eu-north-1,-1e-10,USD
131471595343,2025-11-05,Amazon Simple Storage Service,global,0.0,USD
131471595343,2025-11-05,Amazon Virtual Private Cloud,eu-north-1,0.0,USD
131471595343,2025-11-05,AmazonCloudWatch,eu-north-1,0.0,USD
131471595343,2025-11-06,AWS Data Transfer,eu-north-1,-1.62e-07,USD
131471595343,2025-11-06,EC2 - Other,eu-north-1,2.5e-09,USD
131471595343,2025-11-06,Amazon Elastic Compute Cloud - Compute,eu-north-1,0.0,USD
131471595343,2025-11-06,Amazon Elastic Load Balancing,eu-north-1,1.622e-07,USD
131471595343,2025-11-06,Amazon Relational Database Service,eu-north-1,-1.44e-08,USD
131471595343,2025-11-06,Amazon Simple Notification Service,eu-north-1,0.0,USD
131471595343,2025-11-06,Amazon Simple Storage Service,eu-north-1,-1e-10,USD
131471595343,2025-11-06,Amazon Simple Storage Service,global,0.0,USD
131471595343,2025-11-06,Amazon Virtual Private Cloud,eu-north-1,0.0,USD
131471595343,2025-11-06,AmazonCloudWatch,eu-north-1,0.0,USD
131471595343,2025-11-07,AWS Data Transfer,eu-north-1,-4.116e-07,USD
131471595343,2025-11-07,Amazon CloudFront,me-south-1,0.0,USD
131471595343,2025-11-07,EC2 - Other,eu-north-1,2.5e-09,USD
131471595343,2025-11-07,Amazon Elastic Compute Cloud - Compute,eu-north-1,0.0,USD
131471595343,2025-11-07,Amazon Elastic Load Balancing,eu-north-1,4.117e-07,USD
131471595343,2025-11-07,Amazon Relational Database Service,eu-north-1,-1.44e-08,USD
131471595343,2025-11-07,Amazon Simple Queue Service,eu-north-1,0.0,USD
131471595343,2025-11-07,Amazon Simple Storage Service,eu-north-1,-1e-10,USD
131471595343,2025-11-07,Amazon Simple Storage Service,global,0.0,USD
131471595343,2025-11-07,Amazon Virtual Private Cloud,eu-north-1,-0.0,USD
131471595343,2025-11-07,AmazonCloudWatch,eu-north-1,0.0,USD
131471595343,2025-11-08,AWS Data Transfer,eu-north-1,-4.966e-07,USD
131471595343,2025-11-08,EC2 - Other,eu-north-1,2.5e-09,USD
131471595343,2025-11-08,Amazon Elastic Compute Cloud - Compute,eu-north-1,0.0,USD
131471595343,2025-11-08,Amazon Elastic Load Balancing,eu-north-1,4.974e-07,USD
131471595343,2025-11-08,Amazon Relational Database Service,eu-north-1,-1.44e-08,USD
131471595343,2025-11-08,Amazon Simple Storage Service,eu-north-1,-1e-10,USD
131471595343,2025-11-08,Amazon Simple Storage Service,global,0.0,USD
131471595343,2025-11-08,Amazon Virtual Private Cloud,eu-north-1,0.0,USD
131471595343,2025-11-08,AmazonCloudWatch,eu-north-1,0.0,USD
131471595343,2025-11-09,AWS Data Transfer,eu-north-1,-3.78e-07,USD
131471595343,2025-11-09,AWS Key Management Service,eu-north-1,0.0,USD
131471595343,2025-11-09,Amazon CloudFront,me-south-1,-3e-10,USD
131471595343,2025-11-09,EC2 - Other,eu-north-1,2.5e-09,USD
131471595343,2025-11-09,Amazon Elastic Compute Cloud - Compute,eu-north-1,0.0,USD
131471595343,2025-11-09,Amazon Elastic Load Balancing,eu-north-1,3.784e-07,USD
131471595343,2025-11-09,Amazon Relational Database Service,eu-north-1,-1.44e-08,USD
131471595343,2025-11-09,Amazon Simple Storage Service,eu-north-1,-1e-10,USD
131471595343,2025-11-09,Amazon Simple Storage Service,global,0.0,USD
131471595343,2025-11-09,Amazon Virtual Private Cloud,eu-north-1,0.0,USD
131471595343,2025-11-09,AmazonCloudWatch,eu-north-1,0.0,USD
131471595343,2025-11-10,AWS Data Transfer,eu-north-1,-1.014e-07,USD
131471595343,2025-11-10,AWS Key Management Service,eu-north-1,0.0,USD
131471595343,2025-11-10,Amazon CloudFront,me-south-1,0.0,USD
131471595343,2025-11-10,EC2 - Other,eu-north-1,2.5e-09,USD
131471595343,2025-11-10,Amazon Elastic Compute Cloud - Compute,eu-north-1,0.0,USD
131471595343,2025-11-10,Amazon Elastic Load Balancing,eu-north-1,1.017e-07,USD
131471595343,2025-11-10,Amazon Relational Database Service,eu-north-1,-1.44e-08,USD
131471595343,2025-11-10,Amazon Simple Storage Service,eu-north-1,-1e-10,USD
131471595343,2025-11-10,Amazon Simple Storage Service,global,0.0,USD
131471595343,2025-11-10,Amazon Virtual Private Cloud,eu-north-1,-0.0,USD
131471595343,2025-11-10,AmazonCloudWatch,eu-north-1,0.0,USD
131471595343,2025-11-11,AWS Data Transfer,eu-north-1,-2e-07,USD
131471595343,2025-11-11,EC2 - Other,eu-north-1,2.5e-09,USD
131471595343,2025-11-11,Amazon Elastic Compute Cloud - Compute,eu-north-1,0.0,USD
131471595343,2025-11-11,Amazon Elastic Load Balancing,eu-north-1,2.004e-07,USD
131471595343,2025-11-11,Amazon Relational Database Service,eu-north-1,-1.44e-08,USD
131471595343,2025-11-11,Amazon Simple Storage Service,eu-north-1,-1e-10,USD
131471595343,2025-11-11,Amazon Simple Storage Service,global,0.0,USD
131471595343,2025-11-11,Amazon Virtual Private Cloud,eu-north-1,0.0,USD
131471595343,2025-11-11,AmazonCloudWatch,eu-north-1,0.0,USD
131471595343,2025-11-12,AWS Data Transfer,eu-north-1,-4.624e-07,USD
131471595343,2025-11-12,EC2 - Other,eu-north-1,2.5e-09,USD
131471595343,2025-11-12,Amazon Elastic Compute Cloud - Compute,eu-north-1,0.0,USD
131471595343,2025-11-12,Amazon Elastic Load Balancing,eu-north-1,4.631e-07,USD
131471595343,2025-11-12,Amazon Relational Database Service,eu-north-1,-1.44e-08,USD
131471595343,2025-11-12,Amazon Simple Storage Service,eu-north-1,-1e-10,USD
131471595343,2025-11-12,Amazon Simple Storage Service,global,0.0,USD
131471595343,2025-11-12,Amazon Virtual Private Cloud,eu-north-1,0.0,USD
131471595343,2025-11-12,AmazonCloudWatch,eu-north-1,0.0,USD
131471595343,2025-11-13,AWS Data Transfer,eu-north-1,-2.376e-07,USD
131471595343,2025-11-13,AWS Data Transfer,us-east-1,-1.4e-09,USD
131471595343,2025-11-13,EC2 - Other,eu-north-1,2.5e-09,USD
131471595343,2025-11-13,Amazon Elastic Compute Cloud - Compute,eu-north-1,0.0,USD
131471595343,2025-11-13,Amazon Elastic Load Balancing,eu-north-1,2.381e-07,USD
131471595343,2025-11-13,Amazon Relational Database Service,eu-north-1,-1.44e-08,USD
131471595343,2025-11-13,Amazon Simple Storage Service,eu-north-1,-1e-10,USD
131471595343,2025-11-13,Amazon Simple Storage Service,global,0.0,USD
131471595343,2025-11-13,Amazon Simple Storage Service,us-east-1,1.3e-09,USD
131471595343,2025-11-13,Amazon Virtual Private Cloud,eu-north-1,0.0,USD
131471595343,2025-11-13,AmazonCloudWatch,eu-north-1,0.0,USD
131471595343,2025-11-14,AWS Data Transfer,eu-north-1,-2.202e-07,USD
131471595343,2025-11-14,EC2 - Other,eu-north-1,2.5e-09,USD
131471595343,2025-11-14,Amazon Elastic Compute Cloud - Compute,eu-north-1,0.0,USD
131471595343,2025-11-14,Amazon Elastic Load Balancing,eu-north-1,2.205e-07,USD
131471595343,2025-11-14,Amazon Relational Database Service,eu-north-1,-1.44e-08,USD
131471595343,2025-11-14,Amazon Simple Storage Service,eu-north-1,-1e-10,USD
131471595343,2025-11-14,Amazon Simple Storage Service,global,0.0,USD
131471595343,2025-11-14,Amazon Virtual Private Cloud,eu-north-1,-0.0,USD
131471595343,2025-11-14,AmazonCloudWatch,eu-north-1,0.0,USD
131471595343,2025-11-15,AWS Data Transfer,eu-north-1,-8.804e-07,USD
131471595343,2025-11-15,AWS Data Transfer,us-east-1,-3.4e-09,USD
131471595343,2025-11-15,AWS Glue,eu-north-1,0.0,USD
131471595343,2025-11-15,EC2 - Other,eu-north-1,2.5e-09,USD
131471595343,2025-11-15,Amazon Elastic Compute Cloud - Compute,eu-north-1,0.0,USD
131471595343,2025-11-15,Amazon Elastic Load Balancing,eu-north-1,8.8e-07,USD
131471595343,2025-11-15,Amazon Relational Database Service,eu-north-1,-1.44e-08,USD
131471595343,2025-11-15,Amazon Simple Storage Service,eu-north-1,-1e-10,USD
131471595343,2025-11-15,Amazon Simple Storage Service,global,0.0,USD
131471595343,2025-11-15,Amazon Simple Storage Service,us-east-1,3.4e-09,USD
131471595343,2025-11-15,Amazon Virtual Private Cloud,eu-north-1,0.0,USD
131471595343,2025-11-15,AmazonCloudWatch,eu-north-1,0.0,USD
131471595343,2025-11-16,AWS Cost Explorer,us-east-1,0.0,USD
131471595343,2025-11-16,AWS Data Transfer,eu-north-1,-1.1104e-06,USD
131471595343,2025-11-16,AWS Data Transfer,us-east-1,-9e-09,USD
131471595343,2025-11-16,AWS Key Management Service,eu-north-1,0.0,USD
131471595343,2025-11-16,EC2 - Other,eu-north-1,2.5e-09,USD
131471595343,2025-11-16,Amazon Elastic Compute Cloud - Compute,eu-north-1,0.0,USD
131471595343,2025-11-16,Amazon Elastic Load Balancing,eu-north-1,1.1104e-06,USD
131471595343,2025-11-16,Amazon Relational Database Service,eu-north-1,-1.44e-08,USD
131471595343,2025-11-16,Amazon Simple Storage Service,eu-north-1,-1e-10,USD
131471595343,2025-11-16,Amazon Simple Storage Service,global,0.0,USD
131471595343,2025-11-16,Amazon Simple Storage Service,us-east-1,9e-09,USD
131471595343,2025-11-16,Amazon Virtual Private Cloud,eu-north-1,0.0,USD
131471595343,2025-11-16,AmazonCloudWatch,eu-north-1,0.0,USD
131471595343,2025-11-17,AWS Data Transfer,eu-north-1,-2.1238e-06,USD
131471595343,2025-11-17,AWS Key Management Service,eu-north-1,0.0,USD
131471595343,2025-11-17,Amazon CloudFront,me-south-1,2e-10,USD
131471595343,2025-11-17,EC2 - Other,eu-north-1,2.5e-09,USD
131471595343,2025-11-17,Amazon Elastic Compute Cloud - Compute,eu-north-1,0.0,USD
131471595343,2025-11-17,Amazon Elastic Load Balancing,eu-north-1,2.1239e-06,USD
131471595343,2025-11-17,Amazon Location Service,eu-north-1,0.0,USD
131471595343,2025-11-17,Amazon Relational Database Service,eu-north-1,-1.44e-08,USD
131471595343,2025-11-17,Amazon Simple Storage Service,eu-north-1,-1e-10,USD
131471595343,2025-11-17,Amazon Simple Storage Service,global,0.0,USD
131471595343,2025-11-17,Amazon Simple Storage Service,us-east-1,0.0,USD
131471595343,2025-11-17,Amazon Virtual Private Cloud,eu-north-1,0.0,USD
131471595343,2025-11-17,AmazonCloudWatch,eu-north-1,0.0,USD
131471595343,2025-11-18,AWS Data Transfer,eu-north-1,-1.2746e-06,USD
131471595343,2025-11-18,AWS Glue,eu-north-1,0.0,USD
131471595343,2025-11-18,EC2 - Other,eu-north-1,2.5e-09,USD
131471595343,2025-11-18,Amazon Elastic Compute Cloud - Compute,eu-north-1,0.0,USD
131471595343,2025-11-18,Amazon Elastic Load Balancing,eu-north-1,1.2746e-06,USD
131471595343,2025-11-18,Amazon Relational Database Service,eu-north-1,-1.44e-08,USD
131471595343,2025-11-18,Amazon Simple Storage Service,eu-north-1,-1e-10,USD
131471595343,2025-11-18,Amazon Simple Storage Service,global,0.0,USD
131471595343,2025-11-18,Amazon Virtual Private Cloud,eu-north-1,0.0,USD
131471595343,2025-11-18,AmazonCloudWatch,eu-north-1,0.0,USD
131471595343,2025-11-19,AWS Data Transfer,eu-north-1,-1.1252e-06,USD
131471595343,2025-11-19,AWS Glue,eu-north-1,0.0,USD
131471595343,2025-11-19,AWS Key Management Service,eu-north-1,0.0,USD
131471595343,2025-11-19,EC2 - Other,eu-north-1,2.5e-09,USD
131471595343,2025-11-19,Amazon Elastic Compute Cloud - Compute,eu-north-1,0.0,USD
131471595343,2025-11-19,Amazon Elastic Load Balancing,eu-north-1,1.1256e-06,USD
131471595343,2025-11-19,Amazon Relational Database Service,eu-north-1,-1.44e-08,USD
131471595343,2025-11-19,Amazon Simple Storage Service,eu-north-1,-1e-10,USD
131471595343,2025-11-19,Amazon Simple Storage Service,global,0.0,USD
131471595343,2025-11-19,Amazon Virtual Private Cloud,eu-north-1,0.0,USD
131471595343,2025-11-19,AmazonCloudWatch,eu-north-1,0.0,USD
131471595343,2025-11-20,AWS Data Transfer,eu-north-1,-9.49e-07,USD
131471595343,2025-11-20,AWS Glue,eu-north-1,0.0,USD
131471595343,2025-11-20,EC2 - Other,eu-north-1,2.5e-09,USD
131471595343,2025-11-20,Amazon Elastic Compute Cloud - Compute,eu-north-1,0.0,USD
131471595343,2025-11-20,Amazon Elastic Load Balancing,eu-north-1,9.499e-07,USD
131471595343,2025-11-20,Amazon Relational Database Service,eu-north-1,-1.44e-08,USD
131471595343,2025-11-20,Amazon Simple Storage Service,eu-north-1,-1e-10,USD
131471595343,2025-11-20,Amazon Simple Storage Service,global,0.0,USD
131471595343,2025-11-20,Amazon Virtual Private Cloud,eu-north-1,0.0,USD
131471595343,2025-11-20,AmazonCloudWatch,eu-north-1,0.0,USD
131471595343,2025-11-21,AWS Data Transfer,eu-north-1,-1.0014e-06,USD
131471595343,2025-11-21,AWS Glue,eu-north-1,0.0,USD
131471595343,2025-11-21,Amazon CloudFront,me-south-1,0.0,USD
131471595343,2025-11-21,EC2 - Other,eu-north-1,2.5e-09,USD
131471595343,2025-11-21,Amazon Elastic Compute Cloud - Compute,eu-north-1,0.0,USD
131471595343,2025-11-21,Amazon Elastic Load Balancing,eu-north-1,1.0024e-06,USD
131471595343,2025-11-21,Amazon Relational Database Service,eu-north-1,-1.44e-08,USD
131471595343,2025-11-21,Amazon Simple Storage Service,eu-north-1,-1e-10,USD
131471595343,2025-11-21,Amazon Simple Storage Service,global,0.0,USD
131471595343,2025-11-21,Amazon Virtual Private Cloud,eu-north-1,0.0,USD
131471595343,2025-11-21,AmazonCloudWatch,eu-north-1,0.0,USD
131471595343,2025-11-22,AWS Data Transfer,eu-north-1,-9.134e-07,USD
131471595343,2025-11-22,AWS Glue,eu-north-1,0.0,USD
131471595343,2025-11-22,Amazon CloudFront,me-south-1,2e-10,USD
131471595343,2025-11-22,EC2 - Other,eu-north-1,2.5e-09,USD
131471595343,2025-11-22,Amazon Elastic Compute Cloud - Compute,eu-north-1,0.0,USD
131471595343,2025-11-22,Amazon Elastic Load Balancing,eu-north-1,9.139e-07,USD
131471595343,2025-11-22,Amazon Relational Database Service,eu-north-1,-1.44e-08,USD
131471595343,2025-11-22,Amazon Simple Storage Service,eu-north-1,-1e-10,USD
131471595343,2025-11-22,Amazon Simple Storage Service,global,0.0,USD
131471595343,2025-11-22,Amazon Virtual Private Cloud,eu-north-1,0.0,USD
131471595343,2025-11-22,AmazonCloudWatch,eu-north-1,0.0,USD
131471595343,2025-11-23,AWS Data Transfer,eu-north-1,-8.554e-07,USD
131471595343,2025-11-23,AWS Glue,eu-north-1,0.0,USD
131471595343,2025-11-23,EC2 - Other,eu-north-1,2.5e-09,USD
131471595343,2025-11-23,Amazon Elastic Compute Cloud - Compute,eu-north-1,0.0,USD
131471595343,2025-11-23,Amazon Elastic Load Balancing,eu-north-1,8.559e-07,USD
131471595343,2025-11-23,Amazon Relational Database Service,eu-north-1,-1.44e-08,USD
131471595343,2025-11-23,Amazon Simple Storage Service,eu-north-1,-1e-10,USD
131471595343,2025-11-23,Amazon Simple Storage Service,global,0.0,USD
131471595343,2025-11-23,Amazon Virtual Private Cloud,eu-north-1,0.0,USD
131471595343,2025-11-23,AmazonCloudWatch,eu-north-1,0.0,USD
131471595343,2025-11-24,AWS Data Transfer,eu-north-1,-1.3576e-06,USD
131471595343,2025-11-24,AWS Glue,eu-north-1,0.0,USD
131471595343,2025-11-24,Amazon CloudFront,me-south-1,2e-10,USD
131471595343,2025-11-24,EC2 - Other,eu-north-1,2.5e-09,USD
131471595343,2025-11-24,Amazon Elastic Compute Cloud - Compute,eu-north-1,0.0,USD
131471595343,2025-11-24,Amazon Elastic Load Balancing,eu-north-1,1.3579e-06,USD
131471595343,2025-11-24,Amazon Relational Database Service,eu-north-1,-1.44e-08,USD
131471595343,2025-11-24,Amazon Simple Storage Service,eu-north-1,-1e-10,USD
131471595343,2025-11-24,Amazon Simple Storage Service,global,0.0,USD
131471595343,2025-11-24,Amazon Virtual Private Cloud,eu-north-1,0.0,USD
131471595343,2025-11-24,AmazonCloudWatch,eu-north-1,0.0,USD
131471595343,2025-11-25,AWS Data Transfer,eu-north-1,-9.748e-07,USD
131471595343,2025-11-25,AWS Glue,eu-north-1,0.0,USD
131471595343,2025-11-25,EC2 - Other,eu-north-1,2.5e-09,USD
131471595343,2025-11-25,Amazon Elastic Compute Cloud - Compute,eu-north-1,0.0,USD
131471595343,2025-11-25,Amazon Elastic Load Balancing,eu-north-1,9.751e-07,USD
131471595343,2025-11-25,Amazon Relational Database Service,eu-north-1,-1.44e-08,USD
131471595343,2025-11-25,Amazon Simple Storage Service,eu-north-1,-1e-10,USD
131471595343,2025-11-25,Amazon Simple Storage Service,global,0.0,USD
131471595343,2025-11-25,Amazon Virtual Private Cloud,eu-north-1,0.0,USD
131471595343,2025-11-25,AmazonCloudWatch,eu-north-1,0.0,USD
